["1840e0b9d4", "other", "\u041f\u0440\u043e\u0434\u0443\u043a\u0442\u044b"]
["4e4f90fcfb", "context", "\u042d\u043b\u0435\u043a\u0442\u0440\u043e\u043d\u0438\u043a\u0430"]
["afea8d72fc", "other", "\u042d\u043b\u0435\u043a\u0442\u0440\u043e\u043d\u0438\u043a\u0430"]
["2824221f38", "email", "\u041f\u0440\u043e\u0434\u0443\u043a\u0442\u044b"]
["373a6055fe", "other", "\u0411\u044b\u0442\u043e\u0432\u0430\u044f \u0442\u0435\u0445\u043d\u0438\u043a\u0430"]
["9b2ab046f3", "other", "\u042d\u043b\u0435\u043a\u0442\u0440\u043e\u043d\u0438\u043a\u0430"]
["9f39d307c3", "context", "\u042d\u043b\u0435\u043a\u0442\u0440\u043e\u043d\u0438\u043a\u0430"]
["44edeffc91", "context", "\u041f\u0440\u043e\u0434\u0443\u043a\u0442\u044b"]
["704474fa2d", "other", "\u041f\u0440\u043e\u0434\u0443\u043a\u0442\u044b"]
["1de31be403", "other", "\u0411\u044b\u0442\u043e\u0432\u0430\u044f \u0442\u0435\u0445\u043d\u0438\u043a\u0430"]
["5da0dedf13", "context", "\u0414\u043e\u0441\u0443\u0433"]
["b71f36a5e4", "other", "\u041f\u0440\u043e\u0434\u0443\u043a\u0442\u044b"]
["79843a685a", "context", "\u041f\u0440\u043e\u0434\u0443\u043a\u0442\u044b"]
["ff68cee0d6", "context", "\u0411\u044b\u0442\u043e\u0432\u0430\u044f \u0442\u0435\u0445\u043d\u0438\u043a\u0430"]
["e8447c40e2", "email", "\u0414\u043e\u0441\u0443\u0433"]
["b9ef8fdf47", "other", "\u041f\u0440\u043e\u0434\u0443\u043a\u0442\u044b"]
["98d290be27", "other", "\u042d\u043b\u0435\u043a\u0442\u0440\u043e\u043d\u0438\u043a\u0430"]
["3fff459bda", "other", "\u042d\u043b\u0435\u043a\u0442\u0440\u043e\u043d\u0438\u043a\u0430"]
["fa0079a5a8", "other", "\u0414\u043e\u0441\u0443\u0433"]
["fdd6b2fc76", "context", "\u0411\u044b\u0442\u043e\u0432\u0430\u044f \u0442\u0435\u0445\u043d\u0438\u043a\u0430"]
